source_id,platform,url,title,creator,boss,phase,source_type,duration,resolution,fps,upload_date,license_or_usage_note,download_status,processing_status,notes
YT_OLHPLqS7xAo,YouTube,https://www.youtube.com/watch?v=OLHPLqS7xAo,"Sekiro - Gyoubu Oniwa [ No Damage, Charmless, Demon Bell ]",CloudyDesu,Gyoubu Masataka Oniwa,,challenge,,,,,Reference only: no verified permission for automated media acquisition or model training.,REFERENCE_ONLY,NOT_DOWNLOADED,Catalogued 2026-09-10. Boss identity/source type from creator title or description; frame-level boss/phase and temporal labels unreviewed. Creator/title verified using public oEmbed metadata. Avoided attacks do not supply observed impact ground truth.
YT_tL_inRLGsXs,YouTube,https://www.youtube.com/watch?v=tL_inRLGsXs,Sekiro - Gyoubu Oniwa& Lady Butterfly No Damage Boss Fights,ChallengeMasterX,Gyoubu Masataka Oniwa;Lady Butterfly,,no_damage,,,,,Reference only: no verified permission for automated media acquisition or model training.,REFERENCE_ONLY,NOT_DOWNLOADED,Catalogued 2026-09-10. Boss identity/source type from creator title or description; frame-level boss/phase and temporal labels unreviewed. Creator/title verified using public oEmbed metadata. Avoided attacks do not supply observed impact ground truth.
YT_TZMhHrI5L-U,YouTube,https://www.youtube.com/watch?v=TZMhHrI5L-U,Sekiro - Lady Butterfly No Damage Showcase [4K],FuturePress,Lady Butterfly,,guide,,,,,Reference only: no verified permission for automated media acquisition or model training.,REFERENCE_ONLY,NOT_DOWNLOADED,Catalogued 2026-09-10. Boss identity/source type from creator title or description; frame-level boss/phase and temporal labels unreviewed. Creator/title verified using public oEmbed metadata.
YT_u7cdAoVanX8,YouTube,https://www.youtube.com/watch?v=u7cdAoVanX8,Sekiro - Lady Butterfly Boss Fight (NO DAMAGE / REFLECTION OF STRENGTH),ryukeN,Lady Butterfly,,no_damage,,,,,Reference only: no verified permission for automated media acquisition or model training.,REFERENCE_ONLY,NOT_DOWNLOADED,Catalogued 2026-09-10. Boss identity/source type from creator title or description; frame-level boss/phase and temporal labels unreviewed. Creator/title verified using public oEmbed metadata. Avoided attacks do not supply observed impact ground truth.
YT_88mfZ5L3p4I,YouTube,https://www.youtube.com/watch?v=88mfZ5L3p4I,"Genichiro Ashina, Way of Tomoe Boss Fight (No Damage) [Sekiro]",Esoterickk,Genichiro Ashina,,no_damage,,,,,Reference only: no verified permission for automated media acquisition or model training.,REFERENCE_ONLY,NOT_DOWNLOADED,Catalogued 2026-09-10. Boss identity/source type from creator title or description; frame-level boss/phase and temporal labels unreviewed. Creator/title verified using public oEmbed metadata. Avoided attacks do not supply observed impact ground truth.
YT_hM6Zys6kpDU,YouTube,https://www.youtube.com/watch?v=hM6Zys6kpDU,"SEKIRO: SHADOWS DIE TWICE - Genichiro, Way of Tomoe Boss Fight No Damage [PS4 PRO]",Rubhen925,Genichiro Ashina,,no_damage,,,,,Reference only: no verified permission for automated media acquisition or model training.,REFERENCE_ONLY,NOT_DOWNLOADED,Catalogued 2026-09-10. Boss identity/source type from creator title or description; frame-level boss/phase and temporal labels unreviewed. Creator/title verified using public oEmbed metadata. Avoided attacks do not supply observed impact ground truth.
YT_iw9UL8yjcUc,YouTube,https://www.youtube.com/watch?v=iw9UL8yjcUc,Folding Screen Monkeys Boss Fight (No Damage) [Sekiro],Esoterickk,Folding Screen Monkeys,,no_damage,,,,,Reference only: no verified permission for automated media acquisition or model training.,REFERENCE_ONLY,NOT_DOWNLOADED,Catalogued 2026-09-10. Boss identity/source type from creator title or description; frame-level boss/phase and temporal labels unreviewed. Creator/title verified using public oEmbed metadata. Avoided attacks do not supply observed impact ground truth.
YT_cqfbSKdGRL0,YouTube,https://www.youtube.com/watch?v=cqfbSKdGRL0,hunting the Folding Screen Monkeys - No Damage #sekiro,OKAMI - أوكامي,Folding Screen Monkeys,,challenge,,,,,Reference only: no verified permission for automated media acquisition or model training.,REFERENCE_ONLY,NOT_DOWNLOADED,Catalogued 2026-09-10. Boss identity/source type from creator title or description; frame-level boss/phase and temporal labels unreviewed. Creator/title verified using public oEmbed metadata. Avoided attacks do not supply observed impact ground truth.
YT_g8kNOBcW_DU,YouTube,https://www.youtube.com/watch?v=g8kNOBcW_DU,Sekiro Shadows Die Twice Guardian Ape Boss Fight,Gaming with Abyss,Guardian Ape,,boss_fight,,,,,Reference only: no verified permission for automated media acquisition or model training.,REFERENCE_ONLY,NOT_DOWNLOADED,Catalogued 2026-09-10. Boss identity/source type from creator title or description; frame-level boss/phase and temporal labels unreviewed. Creator/title verified using public oEmbed metadata.
YT_aiz8tuSrbbE,YouTube,https://www.youtube.com/watch?v=aiz8tuSrbbE,SEKIRO BOSS GUIDES - How to kill Guardian Ape without prosthetic tools,Emad AboNar,Guardian Ape,,guide,,,,,Reference only: no verified permission for automated media acquisition or model training.,REFERENCE_ONLY,NOT_DOWNLOADED,Catalogued 2026-09-10. Boss identity/source type from creator title or description; frame-level boss/phase and temporal labels unreviewed. Creator/title verified using public oEmbed metadata.
YT_B1stvwzhMwU,YouTube,https://www.youtube.com/watch?v=B1stvwzhMwU,Sekiro: Headless Ape and Guardian Ape Wife Boss Fight,Boss Fight Database,Headless Ape,,boss_fight,,,,,Reference only: no verified permission for automated media acquisition or model training.,REFERENCE_ONLY,NOT_DOWNLOADED,Catalogued 2026-09-10. Boss identity/source type from creator title or description; frame-level boss/phase and temporal labels unreviewed. Creator/title verified using public oEmbed metadata.
YT_32oq4sPKv6o,YouTube,https://www.youtube.com/watch?v=32oq4sPKv6o,"Sekiro Headless Ape No Damage Hardest Mode ( Charmless, NG+7, Demon Bell, No Prosthetics )",JRPG Samurai,Headless Ape,,challenge,,,,,Reference only: no verified permission for automated media acquisition or model training.,REFERENCE_ONLY,NOT_DOWNLOADED,Catalogued 2026-09-10. Boss identity/source type from creator title or description; frame-level boss/phase and temporal labels unreviewed. Creator/title verified using public oEmbed metadata. Avoided attacks do not supply observed impact ground truth.
YT_rEyhfjfecdM,YouTube,https://www.youtube.com/watch?v=rEyhfjfecdM,Sekiro: Corrupted Monk Boss Fight,Boss Fight Database,Corrupted Monk,,boss_fight,,,,,Reference only: no verified permission for automated media acquisition or model training.,REFERENCE_ONLY,NOT_DOWNLOADED,Catalogued 2026-09-10. Boss identity/source type from creator title or description; frame-level boss/phase and temporal labels unreviewed. Creator/title verified using public oEmbed metadata.
YT_EDjM9snpasA,YouTube,https://www.youtube.com/watch?v=EDjM9snpasA,Sekiro - Corrupted Monk [ATTACK POWER 1/BASE VITALITY] No Damage,옹발이 ONGBAL,Corrupted Monk,,challenge,,,,,Reference only: no verified permission for automated media acquisition or model training.,REFERENCE_ONLY,NOT_DOWNLOADED,Catalogued 2026-09-10. Boss identity/source type from creator title or description; frame-level boss/phase and temporal labels unreviewed. Creator/title verified using public oEmbed metadata. Avoided attacks do not supply observed impact ground truth.
YT_5tOt40o9Ouw,YouTube,https://www.youtube.com/watch?v=5tOt40o9Ouw,True Corrupted Monk Boss Fight (No Damage) [Sekiro],Esoterickk,True Corrupted Monk,,no_damage,,,,,Reference only: no verified permission for automated media acquisition or model training.,REFERENCE_ONLY,NOT_DOWNLOADED,Catalogued 2026-09-10. Boss identity/source type from creator title or description; frame-level boss/phase and temporal labels unreviewed. Creator/title verified using public oEmbed metadata. Avoided attacks do not supply observed impact ground truth.
YT_UTu5BxPBAts,YouTube,https://www.youtube.com/watch?v=UTu5BxPBAts,Sekiro - True Corrupted Monk NG+7 Epic Showdown (No Hud / No Damage),THE GAMER EYES,True Corrupted Monk,,challenge,,,,,Reference only: no verified permission for automated media acquisition or model training.,REFERENCE_ONLY,NOT_DOWNLOADED,Catalogued 2026-09-10. Boss identity/source type from creator title or description; frame-level boss/phase and temporal labels unreviewed. Creator/title verified using public oEmbed metadata. Avoided attacks do not supply observed impact ground truth.
YT_QMXGqLxmSfI,YouTube,https://www.youtube.com/watch?v=QMXGqLxmSfI,Sekiro: Great Shinobi Owl Boss Fight,Boss Fight Database,Great Shinobi Owl,,boss_fight,,,,,Reference only: no verified permission for automated media acquisition or model training.,REFERENCE_ONLY,NOT_DOWNLOADED,Catalogued 2026-09-10. Boss identity/source type from creator title or description; frame-level boss/phase and temporal labels unreviewed. Creator/title verified using public oEmbed metadata.
YT_F9qb1setVys,YouTube,https://www.youtube.com/watch?v=F9qb1setVys,Sekiro - Great Shinobi Owl NG+7 Epic Showdown (No Hud / No-Damage),THE GAMER EYES,Great Shinobi Owl,,challenge,,,,,Reference only: no verified permission for automated media acquisition or model training.,REFERENCE_ONLY,NOT_DOWNLOADED,Catalogued 2026-09-10. Boss identity/source type from creator title or description; frame-level boss/phase and temporal labels unreviewed. Creator/title verified using public oEmbed metadata. Avoided attacks do not supply observed impact ground truth.
YT_YMgaOwwF0d0,YouTube,https://www.youtube.com/watch?v=YMgaOwwF0d0,Owl (Father) Boss Fight (No Damage) [Sekiro],Esoterickk,Owl Father,,no_damage,,,,,Reference only: no verified permission for automated media acquisition or model training.,REFERENCE_ONLY,NOT_DOWNLOADED,Catalogued 2026-09-10. Boss identity/source type from creator title or description; frame-level boss/phase and temporal labels unreviewed. Creator/title verified using public oEmbed metadata. Avoided attacks do not supply observed impact ground truth.
YT_XihOwRcLDP0,YouTube,https://www.youtube.com/watch?v=XihOwRcLDP0,Sekiro: Shadows Die Twice - Owl (Father) - NO DAMAGE,Ray Dhimitri,Owl Father,,no_damage,,,,,Reference only: no verified permission for automated media acquisition or model training.,REFERENCE_ONLY,NOT_DOWNLOADED,Catalogued 2026-09-10. Boss identity/source type from creator title or description; frame-level boss/phase and temporal labels unreviewed. Creator/title verified using public oEmbed metadata. Avoided attacks do not supply observed impact ground truth.
YT_vJ7ZSmDvQmM,YouTube,https://www.youtube.com/watch?v=vJ7ZSmDvQmM,Sekiro: Divine Dragon Boss Fight,Boss Fight Database,Divine Dragon,,boss_fight,,,,,Reference only: no verified permission for automated media acquisition or model training.,REFERENCE_ONLY,NOT_DOWNLOADED,Catalogued 2026-09-10. Boss identity/source type from creator title or description; frame-level boss/phase and temporal labels unreviewed. Creator/title verified using public oEmbed metadata.
YT_7AGyWZNs6t4,YouTube,https://www.youtube.com/watch?v=7AGyWZNs6t4,Divine Dragon Boss Fight (No Damage) [Sekiro],Esoterickk,Divine Dragon,,no_damage,,,,,Reference only: no verified permission for automated media acquisition or model training.,REFERENCE_ONLY,NOT_DOWNLOADED,Catalogued 2026-09-10. Boss identity/source type from creator title or description; frame-level boss/phase and temporal labels unreviewed. Creator/title verified using public oEmbed metadata. Avoided attacks do not supply observed impact ground truth.
YT_zgr8GOyzNeg,YouTube,https://www.youtube.com/watch?v=zgr8GOyzNeg,Demon of Hatred Boss Fight (No Damage) [Sekiro],Esoterickk,Demon of Hatred,,no_damage,,,,,Reference only: no verified permission for automated media acquisition or model training.,REFERENCE_ONLY,NOT_DOWNLOADED,Catalogued 2026-09-10. Boss identity/source type from creator title or description; frame-level boss/phase and temporal labels unreviewed. Creator/title verified using public oEmbed metadata. Avoided attacks do not supply observed impact ground truth.
YT_LmZXh1ZsvEY,YouTube,https://www.youtube.com/watch?v=LmZXh1ZsvEY,"Sekiro: Demon of Hatred  No Damage Run ( No Prosthetics, Charmless, NG+7, Demon Bell )",JRPG Samurai,Demon of Hatred,,challenge,,,,,Reference only: no verified permission for automated media acquisition or model training.,REFERENCE_ONLY,NOT_DOWNLOADED,Catalogued 2026-09-10. Boss identity/source type from creator title or description; frame-level boss/phase and temporal labels unreviewed. Creator/title verified using public oEmbed metadata. Avoided attacks do not supply observed impact ground truth.
YT_WiUXmU3chnM,YouTube,https://www.youtube.com/watch?v=WiUXmU3chnM,SEKIRO: Emma the Gentle Blade & Isshin Ashina (No Damage),Fuzzy Bearbarian,Emma;Isshin Ashina,,no_damage,,,,,Reference only: no verified permission for automated media acquisition or model training.,REFERENCE_ONLY,NOT_DOWNLOADED,Catalogued 2026-09-10. Boss identity/source type from creator title or description; frame-level boss/phase and temporal labels unreviewed. Creator/title verified using public oEmbed metadata. Avoided attacks do not supply observed impact ground truth.
YT_4Mpzr5bRkZo,YouTube,https://www.youtube.com/watch?v=4Mpzr5bRkZo,"Sekiro: Emma the Gentle Blade & Isshin Ashina Boss Fights (No Damage, 4K 60fps)",4K no HUD Gameplay,Emma;Isshin Ashina,,no_damage,,,,,Reference only: no verified permission for automated media acquisition or model training.,REFERENCE_ONLY,NOT_DOWNLOADED,Catalogued 2026-09-10. Boss identity/source type from creator title or description; frame-level boss/phase and temporal labels unreviewed. Creator/title verified using public oEmbed metadata. Avoided attacks do not supply observed impact ground truth.
YT_Q-VJXTIP9J0,YouTube,https://www.youtube.com/watch?v=Q-VJXTIP9J0,Isshin Ashina (No Damage) Shura Ending Boss Fight - Sekiro: Shadows Die Twice,Kiet,Isshin Ashina,,no_damage,,,,,Reference only: no verified permission for automated media acquisition or model training.,REFERENCE_ONLY,NOT_DOWNLOADED,Catalogued 2026-09-10. Boss identity/source type from creator title or description; frame-level boss/phase and temporal labels unreviewed. Creator/title verified using public oEmbed metadata. Avoided attacks do not supply observed impact ground truth.
YT_8v7ERZH1vKY,YouTube,https://www.youtube.com/watch?v=8v7ERZH1vKY,Isshin Ashina Boss Fight (No Damage) & Shura Ending [Sekiro],Esoterickk,Isshin Ashina,,no_damage,,,,,Reference only: no verified permission for automated media acquisition or model training.,REFERENCE_ONLY,NOT_DOWNLOADED,Catalogued 2026-09-10. Boss identity/source type from creator title or description; frame-level boss/phase and temporal labels unreviewed. Creator/title verified using public oEmbed metadata. Avoided attacks do not supply observed impact ground truth.
YT_t0bl0WZS9UI,YouTube,https://www.youtube.com/watch?v=t0bl0WZS9UI,"Isshin, the Sword Saint (No Damage), Perfect Boss Fight - Sekiro: Shadows Die Twice",Kiet,Isshin the Sword Saint,,no_damage,,,,,Reference only: no verified permission for automated media acquisition or model training.,REFERENCE_ONLY,NOT_DOWNLOADED,Catalogued 2026-09-10. Boss identity/source type from creator title or description; frame-level boss/phase and temporal labels unreviewed. Creator/title verified using public oEmbed metadata. Avoided attacks do not supply observed impact ground truth.
YT_vMrOFIUOyd4,YouTube,https://www.youtube.com/watch?v=vMrOFIUOyd4,SEKIRO: Isshin the Sword Saint Boss Fight (No Damage),Fuzzy Bearbarian,Isshin the Sword Saint,,no_damage,,,,,Reference only: no verified permission for automated media acquisition or model training.,REFERENCE_ONLY,NOT_DOWNLOADED,Catalogued 2026-09-10. Boss identity/source type from creator title or description; frame-level boss/phase and temporal labels unreviewed. Creator/title verified using public oEmbed metadata. Avoided attacks do not supply observed impact ground truth.
YT_AkX9nxmw1Qo,YouTube,https://www.youtube.com/watch?v=AkX9nxmw1Qo,Inner Genichiro Boss Fight (No Damage) [Sekiro],Esoterickk,Inner Genichiro,,no_damage,,,,,Reference only: no verified permission for automated media acquisition or model training.,REFERENCE_ONLY,NOT_DOWNLOADED,Catalogued 2026-09-10. Boss identity/source type from creator title or description; frame-level boss/phase and temporal labels unreviewed. Creator/title verified using public oEmbed metadata. Avoided attacks do not supply observed impact ground truth.
YT_p6INSQ3yLjc,YouTube,https://www.youtube.com/watch?v=p6INSQ3yLjc,How To BEAT Inner Genichiro - Sekiro Boss Fight Guide (PS5),MilanRefreshedGaming,Inner Genichiro,,guide,,,,,Reference only: no verified permission for automated media acquisition or model training.,REFERENCE_ONLY,NOT_DOWNLOADED,Catalogued 2026-09-10. Boss identity/source type from creator title or description; frame-level boss/phase and temporal labels unreviewed. Creator/title verified using public oEmbed metadata.
YT_JQCPmi_uQDM,YouTube,https://www.youtube.com/watch?v=JQCPmi_uQDM,Inner Father Boss Fight (No Damage) [Sekiro],Esoterickk,Inner Father,,no_damage,,,,,Reference only: no verified permission for automated media acquisition or model training.,REFERENCE_ONLY,NOT_DOWNLOADED,Catalogued 2026-09-10. Boss identity/source type from creator title or description; frame-level boss/phase and temporal labels unreviewed. Creator/title verified using public oEmbed metadata. Avoided attacks do not supply observed impact ground truth.
YT_CIR5eYZm6zY,YouTube,https://www.youtube.com/watch?v=CIR5eYZm6zY,Inner Father Owl (No Charm +Demon Bell) No Damage,TorpedoSoup,Inner Father,,challenge,,,,,Reference only: no verified permission for automated media acquisition or model training.,REFERENCE_ONLY,NOT_DOWNLOADED,Catalogued 2026-09-10. Boss identity/source type from creator title or description; frame-level boss/phase and temporal labels unreviewed. Creator/title verified using public oEmbed metadata. Avoided attacks do not supply observed impact ground truth.
YT_VVsM7pEYT80,YouTube,https://www.youtube.com/watch?v=VVsM7pEYT80,Inner Isshin Boss Fight (No Damage) [Sekiro],Esoterickk,Inner Isshin,,no_damage,,,,,Reference only: no verified permission for automated media acquisition or model training.,REFERENCE_ONLY,NOT_DOWNLOADED,Catalogued 2026-09-10. Boss identity/source type from creator title or description; frame-level boss/phase and temporal labels unreviewed. Creator/title verified using public oEmbed metadata. Avoided attacks do not supply observed impact ground truth.
YT_2rn2i_0NGMk,YouTube,https://www.youtube.com/watch?v=2rn2i_0NGMk,Inner Isshin No Hit | Sekiro: Shadows Die Twice Gameplay,Jeppzone Gaming,Inner Isshin,,no_hit,,,,,Reference only: no verified permission for automated media acquisition or model training.,REFERENCE_ONLY,NOT_DOWNLOADED,Catalogued 2026-09-10. Boss identity/source type from creator title or description; frame-level boss/phase and temporal labels unreviewed. Creator/title verified using public oEmbed metadata. Avoided attacks do not supply observed impact ground truth.
YT_PjUlrT3P_Hk,YouTube,https://www.youtube.com/watch?v=PjUlrT3P_Hk,SEKIRO Chained Ogre Boss Fight (Ashina Castle) - [EASY KILL GUIDE FOR BEGINNERS],GamerGrade,Chained Ogre,,guide,,,,,Reference only: no verified permission for automated media acquisition or model training.,REFERENCE_ONLY,NOT_DOWNLOADED,Catalogued 2026-09-10. Boss identity/source type from creator title or description; frame-level boss/phase and temporal labels unreviewed. Creator/title verified using public oEmbed metadata.
YT_dCUhEWiZHYA,YouTube,https://www.youtube.com/watch?v=dCUhEWiZHYA,Sekiro: Shadows Die Twice - Blazing Bull Boss Fight,Ludophiles,Blazing Bull,,boss_fight,,,,,Reference only: no verified permission for automated media acquisition or model training.,REFERENCE_ONLY,NOT_DOWNLOADED,Catalogued 2026-09-10. Boss identity/source type from creator title or description; frame-level boss/phase and temporal labels unreviewed. Creator/title verified using public oEmbed metadata.
YT_UkZAorDjnYk,YouTube,https://www.youtube.com/watch?v=UkZAorDjnYk,"Sekiro - Bandit Leader, Juzou the Drunkard | Stealth Kills & Boss Fight",옹발이 ONGBAL,Juzou the Drunkard,,boss_fight,,,,,Reference only: no verified permission for automated media acquisition or model training.,REFERENCE_ONLY,NOT_DOWNLOADED,Catalogued 2026-09-10. Boss identity/source type from creator title or description; frame-level boss/phase and temporal labels unreviewed. Creator/title verified using public oEmbed metadata.
YT_-8ZzjiXL8oc,YouTube,https://www.youtube.com/watch?v=-8ZzjiXL8oc,Sekiro: Shadows Die Twice - Ashina Elite-Jinsuke Saze Boss Fight,Ludophiles,Ashina Elite,,boss_fight,,,,,Reference only: no verified permission for automated media acquisition or model training.,REFERENCE_ONLY,NOT_DOWNLOADED,Catalogued 2026-09-10. Boss identity/source type from creator title or description; frame-level boss/phase and temporal labels unreviewed. Creator/title verified using public oEmbed metadata.
YT_zIZ0HdEM33Y,YouTube,https://www.youtube.com/watch?v=zIZ0HdEM33Y,Sekiro Shadows Die Twice in 2024: Seven Ashina Spears and Lone Shadow Longswordsman,Jpapi32,Seven Ashina Spears;Lone Shadow,,playthrough,,,,,Reference only: no verified permission for automated media acquisition or model training.,REFERENCE_ONLY,NOT_DOWNLOADED,Catalogued 2026-09-10. Boss identity/source type from creator title or description; frame-level boss/phase and temporal labels unreviewed. Creator/title verified using public oEmbed metadata.
YT_qJH816ITT3I,YouTube,https://www.youtube.com/watch?v=qJH816ITT3I,Sekiro Tutorial Guide | Snake Eyes,Kenjidarou,Snake Eyes,,guide,,,,,Reference only: no verified permission for automated media acquisition or model training.,REFERENCE_ONLY,NOT_DOWNLOADED,Catalogued 2026-09-10. Boss identity/source type from creator title or description; frame-level boss/phase and temporal labels unreviewed. Creator/title verified using public oEmbed metadata.
YT_zPCaP1YALmM,YouTube,https://www.youtube.com/watch?v=zPCaP1YALmM,Sekiro: O'Rin of the Water Boss Fight,Boss Fight Database,O'Rin,,boss_fight,,,,,Reference only: no verified permission for automated media acquisition or model training.,REFERENCE_ONLY,NOT_DOWNLOADED,Catalogued 2026-09-10. Boss identity/source type from creator title or description; frame-level boss/phase and temporal labels unreviewed. Creator/title verified using public oEmbed metadata.
YT_tWk-MERYHTk,YouTube,https://www.youtube.com/watch?v=tWk-MERYHTk,Sekiro: Shadows Die Twice - Armored Warrior Boss Fight,Boss Fight Database,Armoured Warrior,,boss_fight,,,,,Reference only: no verified permission for automated media acquisition or model training.,REFERENCE_ONLY,NOT_DOWNLOADED,Catalogued 2026-09-10. Boss identity/source type from creator title or description; frame-level boss/phase and temporal labels unreviewed. Creator/title verified using public oEmbed metadata.
YT_Drwgef-xWO4,YouTube,https://www.youtube.com/watch?v=Drwgef-xWO4,Sekiro Tutorial Guide | Long-arm Centipede,Kenjidarou,Long-arm Centipede,,guide,,,,,Reference only: no verified permission for automated media acquisition or model training.,REFERENCE_ONLY,NOT_DOWNLOADED,Catalogued 2026-09-10. Boss identity/source type from creator title or description; frame-level boss/phase and temporal labels unreviewed. Creator/title verified using public oEmbed metadata.
YT_zoGbaVV3pas,YouTube,https://www.youtube.com/watch?v=zoGbaVV3pas,Sekiro Tutorial Guide | Shichimen Warrior,Kenjidarou,Shichimen Warrior,,guide,,,,,Reference only: no verified permission for automated media acquisition or model training.,REFERENCE_ONLY,NOT_DOWNLOADED,Catalogued 2026-09-10. Boss identity/source type from creator title or description; frame-level boss/phase and temporal labels unreviewed. Creator/title verified using public oEmbed metadata.
YT_v88GhnrkhdI,YouTube,https://www.youtube.com/watch?v=v88GhnrkhdI,Headless Mini-Boss Fight Guide - Sekiro: Shadows Die Twice,Fextralife,Headless,,guide,,,,,Reference only: no verified permission for automated media acquisition or model training.,REFERENCE_ONLY,NOT_DOWNLOADED,Catalogued 2026-09-10. Boss identity/source type from creator title or description; frame-level boss/phase and temporal labels unreviewed. Creator/title verified using public oEmbed metadata.
YT_SOdF6sz_eJU,YouTube,https://www.youtube.com/watch?v=SOdF6sz_eJU,Sekiro: Shadows Die Twice - Walkthrough Part 28: Sakura Bull & Okami Leader Shizu,HybridTheo,Sakura Bull;Okami Leader Shizu,,playthrough,,,,,Reference only: no verified permission for automated media acquisition or model training.,REFERENCE_ONLY,NOT_DOWNLOADED,Catalogued 2026-09-10. Boss identity/source type from creator title or description; frame-level boss/phase and temporal labels unreviewed. Creator/title verified using public oEmbed metadata.
YT_KPAvM2hcSH8,YouTube,https://www.youtube.com/watch?v=KPAvM2hcSH8,Sekiro: Shadows Die Twice - All Bosses [No Damage],Gellot,MULTI_BOSS,,compilation,,,,,Reference only: no verified permission for automated media acquisition or model training.,REFERENCE_ONLY,NOT_DOWNLOADED,Catalogued 2026-09-10. Boss identity/source type from creator title or description; frame-level boss/phase and temporal labels unreviewed. Creator/title verified using public oEmbed metadata.
YT_Ghij1kSBUOM,YouTube,https://www.youtube.com/watch?v=Ghij1kSBUOM,Sekiro: Shadows Die Twice - All Mini-Bosses [No Damage],Gellot,MULTI_MINIBOSS,,compilation,,,,,Reference only: no verified permission for automated media acquisition or model training.,REFERENCE_ONLY,NOT_DOWNLOADED,Catalogued 2026-09-10. Boss identity/source type from creator title or description; frame-level boss/phase and temporal labels unreviewed. Creator/title verified using public oEmbed metadata.
YT_m_oqG1Yhgbw,YouTube,https://www.youtube.com/watch?v=m_oqG1Yhgbw,Sekiro: Shadows Die Twice – Free to Use Gameplay (Hirata Estate Village),Royalty Free Game Clips,UNKNOWN_BOSS,,reuse_offered,,,,2026-01-24,Creator description offers free commercial and non-commercial project use; no attribution required. No creator-provided direct download or platform-authorized extraction route verified.,REUSE_OFFER_DOWNLOAD_UNRESOLVED,NOT_DOWNLOADED,Catalogued 2026-09-10. Boss identity/source type from creator title or description; frame-level boss/phase and temporal labels unreviewed. Creator/title verified using public oEmbed metadata.
YT_3wiRs62QCfw,YouTube,https://www.youtube.com/watch?v=3wiRs62QCfw,Sekiro: Shadows Die Twice Gameplay - Free To Use,No Copyright Gameplay,UNKNOWN_BOSS,,reuse_offered,,,,,Creator allows reuse/edit/monetization IN VIDEOS with channel credit; forbids claiming ownership/reupload in competing free-footage channels. ML use and authorized download unresolved.,LIMITED_REUSE_OFFER_UNRESOLVED,NOT_DOWNLOADED,Catalogued 2026-09-10. Boss identity/source type from creator title or description; frame-level boss/phase and temporal labels unreviewed. Creator/title verified using public oEmbed metadata.
YT_vxZ1jeBkoDo,YouTube,https://www.youtube.com/watch?v=vxZ1jeBkoDo,Sekiro: Shadows Die Twice Beginning Fight - Free To Use Gameplay (60 FPS),No Copyright Gameplay,Genichiro Ashina,,reuse_offered,,,,,Creator allows reuse/edit/monetization IN VIDEOS with channel credit; forbids claiming ownership/reupload in competing free-footage channels. ML use and authorized download unresolved.,LIMITED_REUSE_OFFER_UNRESOLVED,NOT_DOWNLOADED,Catalogued 2026-09-10. Boss identity/source type from creator title or description; frame-level boss/phase and temporal labels unreviewed. Creator/title verified using public oEmbed metadata.
YT_lNkxk1FJABM,YouTube,https://www.youtube.com/watch?v=lNkxk1FJABM,"INNER ISSHIN , NO PARRY , NO DAMAGE , SWORD ONLY , DEMON BELL",ISSHIN THE SWORD SAINT,Inner Isshin,,challenge,,,,,Creator sayeedubaid publicly allowed a requesting editor to use footage; scope for this ML project and platform-authorized download not established. Evidence: https://www.reddit.com/r/Sekiro/comments/1pluh3h/who_tf_needs_parry/,REFERENCE_ONLY,NOT_DOWNLOADED,Catalogued 2026-09-10. Boss identity/source type from creator title or description; frame-level boss/phase and temporal labels unreviewed. Creator/title verified using public oEmbed metadata. Avoided attacks do not supply observed impact ground truth.
HF_OPENSIMA04,Hugging Face,https://huggingface.co/datasets/opensima04/sekiro_shadows_die_twice_goty_edition_recordings_01,只狼 raw recordings,opensima04,UNKNOWN_BOSS,,dataset,,,,,Manual approval required; raw README request returned HTTP 401. No license established.,GATED_ACCESS,NOT_DOWNLOADED,Catalogued 2026-09-10. Public API lists 84 recordings; no media accessed. Snapshot commit 524b9248a2ed7aecb7ad693c8669b84d1051effa.
HF_OPENSIMA32,Hugging Face,https://huggingface.co/datasets/opensima32/sekiro_shadows_die_twice_goty_edition_bc_01,只狼 BC parquet archives,opensima32,UNKNOWN_BOSS,,dataset,,,,,README says license:other without terms; archives encrypted. No keys sought or access bypass attempted.,ENCRYPTED_LICENSE_UNRESOLVED,NOT_DOWNLOADED,Catalogued 2026-09-10. README reports 7 archives and 220313932526 encrypted bytes. Snapshot commit 70251ec8e0ef5d3082be58fd7d2d637651092ebe.
IA_WOL_PC1105,Internet Archive,https://archive.org/details/PC_Longplay_-_Sekiro_Shadows_Die_Twice_-_EU,PC Longplay [1105] Sekiro: Shadows Die Twice EU,HolyMeatball,MULTI_BOSS,,longplay,,,,,Download files listed by original longplay collection but no license or verified ML reuse permission in item metadata.,DOWNLOAD_OFFER_RIGHTS_UNRESOLVED,NOT_DOWNLOADED,Catalogued 2026-09-10. Four parts. Creator describes all bosses/minibosses except Shura exclusives; not added to acquired coverage.
IA_MIANA_20240614,Internet Archive,https://archive.org/details/MianaMey-2024.06.14,Sekiro: Shadows Die Twice #7 - 2024.06.14,MianaMey,UNKNOWN_BOSS,,twitch_archive,,,,,Archive uploader supplied Public Domain Mark; no evidence the original Twitch creator granted this. Mark rejected as training authorization.,LICENSE_PROVENANCE_UNRESOLVED,NOT_DOWNLOADED,Catalogued 2026-09-10. Metadata inspected; authority of the archive uploader to license the original stream is unverified. No media downloaded.
BILI_ALPHA_SEKIRO,Bilibili,https://www.bilibili.com/video/BV1aS4y1p78e,alpha-sekiro demonstration linked by project author,Chen-Wendi (repository author; video uploader unverified),Genichiro Ashina,,research_demo,,,,,Repository has no license; linked Bilibili media rights not established.,REFERENCE_ONLY,NOT_DOWNLOADED,Catalogued 2026-09-10. Source README: https://github.com/Chen-Wendi/alpha-sekiro. Describes learned phase-1 Genichiro RL; not a temporal attack dataset.
TW_DIVI_421578034,Twitch,https://www.twitch.tv/videos/421578034,SEKIRO #15 100% [NG+3 & 4],Divi,UNKNOWN_BOSS,,playthrough,,,,,Reference only; original VOD availability and rights not verified. No Archive mirror treated as permission.,ORIGINAL_AVAILABILITY_UNVERIFIED,NOT_DOWNLOADED,Catalogued 2026-09-10. Archive provenance metadata: https://archive.org/details/twitch-vod-v421578034. Source entry is historical; media not downloaded.
LIVE_YT_GAMING_SEKIRO_005,Hugging Face (academic dataset distribution),https://huggingface.co/datasets/zhangzicheng/Q-Bench-Video/resolve/acada673760d28567052f4c4feb0e22a94cf85e8/video.zip#video/Sekiro-005.mp4,LIVE-YT-Gaming / video/Sekiro-005.mp4,LIVE-YT-Gaming contributor (original player unknown),REGULAR_ENEMY_HIRATA_TORCH_SWORD,UNREVIEWED,real_gameplay_dataset_clip,8.104683,1920x1080,6990000/121571 (actual PTS indexed),,LIVE-YT-Gaming publisher grant: any-purpose use/copy/modify/distribute with notice and citation. See licenses/LIVE-YT-Gaming.txt and acquired_sources.json.,IMPORTED,PTS_INDEXED_UNREVIEWED,Hirata Estate torch/sword soldier combat followed by player death; candidate contacts require frame-level review. Original player/session unknown; all six clips grouped together to prevent source leakage.
LIVE_YT_GAMING_SEKIRO_016,Hugging Face (academic dataset distribution),https://huggingface.co/datasets/zhangzicheng/Q-Bench-Video/resolve/acada673760d28567052f4c4feb0e22a94cf85e8/video.zip#video/Sekiro-016.mp4,LIVE-YT-Gaming / video/Sekiro-016.mp4,LIVE-YT-Gaming contributor (original player unknown),NONE_TRAVERSAL,UNREVIEWED,real_gameplay_dataset_clip,8.277533,1920x1080,7350000/248501 (actual PTS indexed),,LIVE-YT-Gaming publisher grant: any-purpose use/copy/modify/distribute with notice and citation. See licenses/LIVE-YT-Gaming.txt and acquired_sources.json.,IMPORTED,PTS_INDEXED_UNREVIEWED,Ashina Outskirts traversal and grappling; no visible combat in overview review. Original player/session unknown; all six clips grouped together to prevent source leakage.
LIVE_YT_GAMING_SEKIRO_019,Hugging Face (academic dataset distribution),https://huggingface.co/datasets/zhangzicheng/Q-Bench-Video/resolve/acada673760d28567052f4c4feb0e22a94cf85e8/video.zip#video/Sekiro-019.mp4,LIVE-YT-Gaming / video/Sekiro-019.mp4,LIVE-YT-Gaming contributor (original player unknown),NONE_TRAVERSAL,UNREVIEWED,real_gameplay_dataset_clip,8.237467,1920x1080,1860000/61781 (actual PTS indexed),,LIVE-YT-Gaming publisher grant: any-purpose use/copy/modify/distribute with notice and citation. See licenses/LIVE-YT-Gaming.txt and acquired_sources.json.,IMPORTED,PTS_INDEXED_UNREVIEWED,Ashina Outskirts running and grappling across roofs; no visible combat in overview review. Original player/session unknown; all six clips grouped together to prevent source leakage.
LIVE_YT_GAMING_SEKIRO_023,Hugging Face (academic dataset distribution),https://huggingface.co/datasets/zhangzicheng/Q-Bench-Video/resolve/acada673760d28567052f4c4feb0e22a94cf85e8/video.zip#video/Sekiro-023.mp4,LIVE-YT-Gaming / video/Sekiro-023.mp4,LIVE-YT-Gaming contributor (original player unknown),NONE_NPC_DIALOGUE,UNREVIEWED,real_gameplay_dataset_clip,8.218900,1280x720,2450000/82189 (actual PTS indexed),,LIVE-YT-Gaming publisher grant: any-purpose use/copy/modify/distribute with notice and citation. See licenses/LIVE-YT-Gaming.txt and acquired_sources.json.,IMPORTED,PTS_INDEXED_UNREVIEWED,Dilapidated Temple NPC dialogue and movement; no hostile combat in overview review. Original player/session unknown; all six clips grouped together to prevent source leakage.
LIVE_YT_GAMING_SEKIRO_026,Hugging Face (academic dataset distribution),https://huggingface.co/datasets/zhangzicheng/Q-Bench-Video/resolve/acada673760d28567052f4c4feb0e22a94cf85e8/video.zip#video/Sekiro-026.mp4,LIVE-YT-Gaming / video/Sekiro-026.mp4,LIVE-YT-Gaming contributor (original player unknown),UNKNOWN,UNREVIEWED,real_gameplay_dataset_clip,8.250000,1280x720,328/11 (actual PTS indexed),,LIVE-YT-Gaming publisher grant: any-purpose use/copy/modify/distribute with notice and citation. See licenses/LIVE-YT-Gaming.txt and acquired_sources.json.,IMPORTED,PTS_INDEXED_UNREVIEWED,"Hirata Estate tree jump and approach to sword soldier, then player attack; contact labels unreviewed. Original player/session unknown; all six clips grouped together to prevent source leakage."
LIVE_YT_GAMING_SEKIRO_029,Hugging Face (academic dataset distribution),https://huggingface.co/datasets/zhangzicheng/Q-Bench-Video/resolve/acada673760d28567052f4c4feb0e22a94cf85e8/video.zip#video/Sekiro-029.mp4,LIVE-YT-Gaming / video/Sekiro-029.mp4,LIVE-YT-Gaming contributor (original player unknown),UNKNOWN,UNREVIEWED,real_gameplay_dataset_clip,8.266667,1280x720,30/1 (actual PTS indexed),,LIVE-YT-Gaming publisher grant: any-purpose use/copy/modify/distribute with notice and citation. See licenses/LIVE-YT-Gaming.txt and acquired_sources.json.,IMPORTED,PTS_INDEXED_UNREVIEWED,"Hirata Estate pickup dialog, active burn status, traversal and camera motion; enemy threat labels unreviewed. Original player/session unknown; all six clips grouped together to prevent source leakage."
MARKOV_SEKIRO_A7ECDCA8,Hugging Face (publisher dataset),https://huggingface.co/datasets/markov-ai/gaming-500-hours/resolve/5af703f2810306e7d75eb4394ae59591f1f6e8a2/sekiro/a7ecdca8-e7a2-46f7-a24d-089f9c9c726b/clip.mp4,Markov native Sekiro session A7ECDCA8,Markov gameplay contributor (original player unknown),Gyoubu Masataka Oniwa;Isshin the Sword Saint,UNREVIEWED,real_gameplay_dataset_session,1139.100000,1920x1080,30/1 (actual PTS indexed),,Publisher public training-use invitation; no named open license or original-media redistribution grant. See permissions/markov-training-use.json.,IMPORTED,PTS_INDEXED_UNREVIEWED,"Real Gyoubu Oniwa repeated combat attempts around240–650s and850–930s; Isshin the Sword Saint visually confirmed near1080s. Loading, idol/equipment menus and deaths are frequent. An incidental task-switcher/application overlay appears near960s and is excluded. Training exclusion intervals and source grouping in acquired_sources.json."
MARKOV_SEKIRO_37B5B86D,Hugging Face (publisher dataset),https://huggingface.co/datasets/markov-ai/gaming-500-hours/resolve/5af703f2810306e7d75eb4394ae59591f1f6e8a2/sekiro/37b5b86d-b5bc-42c4-ad51-b92c014aaf98/clip.mp4,Markov native Sekiro opening/tutorial session,Markov gameplay contributor (original player unknown),EARLY_GAME_UNREVIEWED,UNREVIEWED,real_gameplay_dataset_session,1221.400000,1920x1080,30/1 (actual PTS indexed),,Publisher public training-use invitation; no named open license or original-media redistribution grant. See permissions/markov-training-use.json.,IMPORTED,PTS_INDEXED_UNREVIEWED,"Opening/early unarmed Ashina Reservoir tutorial, navigation, stealth and repeated tutorial prompts. No boss confirmed in overview review. Incidental desktop at beginning is excluded. Training exclusions and source grouping in acquired_sources.json."
